time_key,date,day,month,month_name,quarter,year,day_of_week
1,2024-01-02,2,1,January,Q1,2024,Tuesday
2,2024-01-03,3,1,January,Q1,2024,Wednesday
3,2024-01-04,4,1,January,Q1,2024,Thursday
4,2024-01-05,5,1,January,Q1,2024,Friday
5,2024-01-08,8,1,January,Q1,2024,Monday
6,2024-01-09,9,1,January,Q1,2024,Tuesday
7,2024-01-10,10,1,January,Q1,2024,Wednesday
8,2024-01-11,11,1,January,Q1,2024,Thursday
9,2024-01-12,12,1,January,Q1,2024,Friday
10,2024-01-15,15,1,January,Q1,2024,Monday
11,2024-01-16,16,1,January,Q1,2024,Tuesday
12,2024-01-17,17,1,January,Q1,2024,Wednesday
13,2024-01-18,18,1,January,Q1,2024,Thursday
14,2024-01-19,19,1,January,Q1,2024,Friday
15,2024-01-22,22,1,January,Q1,2024,Monday
16,2024-01-23,23,1,January,Q1,2024,Tuesday
17,2024-01-24,24,1,January,Q1,2024,Wednesday
18,2024-01-25,25,1,January,Q1,2024,Thursday
19,2024-01-26,26,1,January,Q1,2024,Friday
20,2024-01-29,29,1,January,Q1,2024,Monday
21,2024-01-30,30,1,January,Q1,2024,Tuesday
22,2024-01-31,31,1,January,Q1,2024,Wednesday
23,2024-02-01,1,2,February,Q1,2024,Thursday
24,2024-02-02,2,2,February,Q1,2024,Friday
25,2024-02-05,5,2,February,Q1,2024,Monday
26,2024-02-06,6,2,February,Q1,2024,Tuesday
27,2024-02-07,7,2,February,Q1,2024,Wednesday
28,2024-02-08,8,2,February,Q1,2024,Thursday
29,2024-02-09,9,2,February,Q1,2024,Friday
30,2024-02-12,12,2,February,Q1,2024,Monday
31,2024-02-13,13,2,February,Q1,2024,Tuesday
32,2024-02-14,14,2,February,Q1,2024,Wednesday
33,2024-02-15,15,2,February,Q1,2024,Thursday
34,2024-02-16,16,2,February,Q1,2024,Friday
35,2024-02-19,19,2,February,Q1,2024,Monday
36,2024-02-20,20,2,February,Q1,2024,Tuesday
37,2024-02-21,21,2,February,Q1,2024,Wednesday
38,2024-02-22,22,2,February,Q1,2024,Thursday
39,2024-02-23,23,2,February,Q1,2024,Friday
40,2024-02-26,26,2,February,Q1,2024,Monday
41,2024-02-27,27,2,February,Q1,2024,Tuesday
42,2024-02-28,28,2,February,Q1,2024,Wednesday
43,2024-02-29,29,2,February,Q1,2024,Thursday
44,2024-03-01,1,3,March,Q1,2024,Friday
45,2024-03-04,4,3,March,Q1,2024,Monday
46,2024-03-05,5,3,March,Q1,2024,Tuesday
47,2024-03-06,6,3,March,Q1,2024,Wednesday
48,2024-03-07,7,3,March,Q1,2024,Thursday
49,2024-03-08,8,3,March,Q1,2024,Friday
50,2024-03-11,11,3,March,Q1,2024,Monday
51,2024-03-12,12,3,March,Q1,2024,Tuesday
52,2024-03-13,13,3,March,Q1,2024,Wednesday
53,2024-03-14,14,3,March,Q1,2024,Thursday
54,2024-03-15,15,3,March,Q1,2024,Friday
55,2024-03-18,18,3,March,Q1,2024,Monday
56,2024-03-19,19,3,March,Q1,2024,Tuesday
57,2024-03-20,20,3,March,Q1,2024,Wednesday
58,2024-03-21,21,3,March,Q1,2024,Thursday
59,2024-03-22,22,3,March,Q1,2024,Friday
60,2024-03-25,25,3,March,Q1,2024,Monday
61,2024-03-26,26,3,March,Q1,2024,Tuesday
62,2024-03-27,27,3,March,Q1,2024,Wednesday
63,2024-03-28,28,3,March,Q1,2024,Thursday
64,2024-04-01,1,4,April,Q2,2024,Monday
65,2024-04-02,2,4,April,Q2,2024,Tuesday
66,2024-04-03,3,4,April,Q2,2024,Wednesday
67,2024-04-04,4,4,April,Q2,2024,Thursday
68,2024-04-05,5,4,April,Q2,2024,Friday
69,2024-04-08,8,4,April,Q2,2024,Monday
70,2024-04-09,9,4,April,Q2,2024,Tuesday
71,2024-04-10,10,4,April,Q2,2024,Wednesday
72,2024-04-11,11,4,April,Q2,2024,Thursday
73,2024-04-12,12,4,April,Q2,2024,Friday
74,2024-04-15,15,4,April,Q2,2024,Monday
75,2024-04-16,16,4,April,Q2,2024,Tuesday
76,2024-04-17,17,4,April,Q2,2024,Wednesday
77,2024-04-18,18,4,April,Q2,2024,Thursday
78,2024-04-19,19,4,April,Q2,2024,Friday
79,2024-04-22,22,4,April,Q2,2024,Monday
80,2024-04-23,23,4,April,Q2,2024,Tuesday
81,2024-04-24,24,4,April,Q2,2024,Wednesday
82,2024-04-25,25,4,April,Q2,2024,Thursday
83,2024-04-26,26,4,April,Q2,2024,Friday
84,2024-04-29,29,4,April,Q2,2024,Monday
85,2024-04-30,30,4,April,Q2,2024,Tuesday
86,2024-05-01,1,5,May,Q2,2024,Wednesday
87,2024-05-02,2,5,May,Q2,2024,Thursday
88,2024-05-06,6,5,May,Q2,2024,Monday
89,2024-05-07,7,5,May,Q2,2024,Tuesday
90,2024-05-08,8,5,May,Q2,2024,Wednesday
91,2024-05-09,9,5,May,Q2,2024,Thursday
92,2024-05-10,10,5,May,Q2,2024,Friday
93,2024-05-13,13,5,May,Q2,2024,Monday
94,2024-05-14,14,5,May,Q2,2024,Tuesday
95,2024-05-15,15,5,May,Q2,2024,Wednesday
96,2024-05-16,16,5,May,Q2,2024,Thursday
97,2024-05-17,17,5,May,Q2,2024,Friday
98,2024-05-20,20,5,May,Q2,2024,Monday
99,2024-05-21,21,5,May,Q2,2024,Tuesday
100,2024-05-22,22,5,May,Q2,2024,Wednesday
101,2024-05-23,23,5,May,Q2,2024,Thursday
102,2024-05-24,24,5,May,Q2,2024,Friday
103,2024-05-27,27,5,May,Q2,2024,Monday
104,2024-05-28,28,5,May,Q2,2024,Tuesday
105,2024-05-29,29,5,May,Q2,2024,Wednesday
106,2024-05-30,30,5,May,Q2,2024,Thursday
107,2024-06-03,3,6,June,Q2,2024,Monday
108,2024-06-04,4,6,June,Q2,2024,Tuesday
109,2024-06-05,5,6,June,Q2,2024,Wednesday
110,2024-06-06,6,6,June,Q2,2024,Thursday
111,2024-06-07,7,6,June,Q2,2024,Friday
112,2024-06-10,10,6,June,Q2,2024,Monday
113,2024-06-11,11,6,June,Q2,2024,Tuesday
114,2024-06-12,12,6,June,Q2,2024,Wednesday
115,2024-06-13,13,6,June,Q2,2024,Thursday
116,2024-06-14,14,6,June,Q2,2024,Friday
117,2024-06-15,15,6,June,Q2,2024,Saturday
118,2024-06-17,17,6,June,Q2,2024,Monday
119,2024-06-18,18,6,June,Q2,2024,Tuesday
120,2024-06-19,19,6,June,Q2,2024,Wednesday
121,2024-06-20,20,6,June,Q2,2024,Thursday
122,2024-06-21,21,6,June,Q2,2024,Friday
123,2024-06-24,24,6,June,Q2,2024,Monday
124,2024-06-25,25,6,June,Q2,2024,Tuesday
125,2024-06-26,26,6,June,Q2,2024,Wednesday
126,2024-06-27,27,6,June,Q2,2024,Thursday
127,2024-06-28,28,6,June,Q2,2024,Friday
128,2024-07-01,1,7,July,Q3,2024,Monday
129,2024-07-02,2,7,July,Q3,2024,Tuesday
130,2024-07-03,3,7,July,Q3,2024,Wednesday
131,2024-07-04,4,7,July,Q3,2024,Thursday
132,2024-07-08,8,7,July,Q3,2024,Monday
133,2024-07-09,9,7,July,Q3,2024,Tuesday
134,2024-07-11,11,7,July,Q3,2024,Thursday
135,2024-07-12,12,7,July,Q3,2024,Friday
136,2024-07-15,15,7,July,Q3,2024,Monday
137,2024-07-16,16,7,July,Q3,2024,Tuesday
138,2024-07-17,17,7,July,Q3,2024,Wednesday
139,2024-07-23,23,7,July,Q3,2024,Tuesday
140,2024-07-24,24,7,July,Q3,2024,Wednesday
141,2024-07-25,25,7,July,Q3,2024,Thursday
142,2024-07-30,30,7,July,Q3,2024,Tuesday
143,2024-07-31,31,7,July,Q3,2024,Wednesday
144,2024-08-01,1,8,August,Q3,2024,Thursday
145,2024-08-02,2,8,August,Q3,2024,Friday
146,2024-08-03,3,8,August,Q3,2024,Saturday
147,2024-08-05,5,8,August,Q3,2024,Monday
148,2024-08-07,7,8,August,Q3,2024,Wednesday
149,2024-08-08,8,8,August,Q3,2024,Thursday
150,2024-08-09,9,8,August,Q3,2024,Friday
151,2024-08-12,12,8,August,Q3,2024,Monday
152,2024-08-13,13,8,August,Q3,2024,Tuesday
153,2024-08-15,15,8,August,Q3,2024,Thursday
154,2024-08-16,16,8,August,Q3,2024,Friday
155,2024-08-19,19,8,August,Q3,2024,Monday
156,2024-08-20,20,8,August,Q3,2024,Tuesday
157,2024-08-21,21,8,August,Q3,2024,Wednesday
158,2024-08-22,22,8,August,Q3,2024,Thursday
159,2024-08-27,27,8,August,Q3,2024,Tuesday
160,2024-08-28,28,8,August,Q3,2024,Wednesday
161,2024-08-29,29,8,August,Q3,2024,Thursday
162,2024-08-30,30,8,August,Q3,2024,Friday
163,2024-09-01,1,9,September,Q3,2024,Sunday
164,2024-09-03,3,9,September,Q3,2024,Tuesday
165,2024-09-04,4,9,September,Q3,2024,Wednesday
166,2024-09-05,5,9,September,Q3,2024,Thursday
167,2024-09-06,6,9,September,Q3,2024,Friday
168,2024-09-12,12,9,September,Q3,2024,Thursday
169,2024-09-13,13,9,September,Q3,2024,Friday
170,2024-09-16,16,9,September,Q3,2024,Monday
171,2024-09-17,17,9,September,Q3,2024,Tuesday
172,2024-09-18,18,9,September,Q3,2024,Wednesday
173,2024-09-19,19,9,September,Q3,2024,Thursday
174,2024-09-20,20,9,September,Q3,2024,Friday
175,2024-09-23,23,9,September,Q3,2024,Monday
176,2024-09-24,24,9,September,Q3,2024,Tuesday
177,2024-09-25,25,9,September,Q3,2024,Wednesday
178,2024-09-26,26,9,September,Q3,2024,Thursday
179,2024-09-27,27,9,September,Q3,2024,Friday
180,2024-09-30,30,9,September,Q3,2024,Monday
181,2024-10-03,3,10,October,Q4,2024,Thursday
182,2024-10-04,4,10,October,Q4,2024,Friday
183,2024-10-08,8,10,October,Q4,2024,Tuesday
184,2024-10-09,9,10,October,Q4,2024,Wednesday
185,2024-10-10,10,10,October,Q4,2024,Thursday
186,2024-10-11,11,10,October,Q4,2024,Friday
187,2024-10-14,14,10,October,Q4,2024,Monday
188,2024-10-15,15,10,October,Q4,2024,Tuesday
189,2024-10-16,16,10,October,Q4,2024,Wednesday
190,2024-10-17,17,10,October,Q4,2024,Thursday
191,2024-10-18,18,10,October,Q4,2024,Friday
192,2024-10-21,21,10,October,Q4,2024,Monday
193,2024-10-22,22,10,October,Q4,2024,Tuesday
194,2024-10-23,23,10,October,Q4,2024,Wednesday
195,2024-10-24,24,10,October,Q4,2024,Thursday
196,2024-10-28,28,10,October,Q4,2024,Monday
197,2024-10-29,29,10,October,Q4,2024,Tuesday
198,2024-10-30,30,10,October,Q4,2024,Wednesday
199,2024-10-31,31,10,October,Q4,2024,Thursday
200,2024-11-01,1,11,November,Q4,2024,Friday
201,2024-11-04,4,11,November,Q4,2024,Monday
202,2024-11-06,6,11,November,Q4,2024,Wednesday
203,2024-11-07,7,11,November,Q4,2024,Thursday
204,2024-11-08,8,11,November,Q4,2024,Friday
205,2024-11-12,12,11,November,Q4,2024,Tuesday
206,2024-11-13,13,11,November,Q4,2024,Wednesday
207,2024-11-14,14,11,November,Q4,2024,Thursday
208,2024-11-15,15,11,November,Q4,2024,Friday
209,2024-11-18,18,11,November,Q4,2024,Monday
210,2024-11-19,19,11,November,Q4,2024,Tuesday
211,2024-11-20,20,11,November,Q4,2024,Wednesday
212,2024-11-21,21,11,November,Q4,2024,Thursday
213,2024-11-22,22,11,November,Q4,2024,Friday
214,2024-11-29,29,11,November,Q4,2024,Friday
215,2024-12-02,2,12,December,Q4,2024,Monday
216,2024-12-03,3,12,December,Q4,2024,Tuesday
217,2024-12-04,4,12,December,Q4,2024,Wednesday
218,2024-12-05,5,12,December,Q4,2024,Thursday
219,2024-12-06,6,12,December,Q4,2024,Friday
220,2024-12-09,9,12,December,Q4,2024,Monday
221,2024-12-10,10,12,December,Q4,2024,Tuesday
222,2024-12-12,12,12,December,Q4,2024,Thursday
223,2024-12-13,13,12,December,Q4,2024,Friday
224,2024-12-16,16,12,December,Q4,2024,Monday
225,2024-12-17,17,12,December,Q4,2024,Tuesday
226,2024-12-18,18,12,December,Q4,2024,Wednesday
227,2024-12-19,19,12,December,Q4,2024,Thursday
228,2024-12-20,20,12,December,Q4,2024,Friday
229,2024-12-23,23,12,December,Q4,2024,Monday
230,2024-12-27,27,12,December,Q4,2024,Friday
231,2024-12-30,30,12,December,Q4,2024,Monday
