transaction_key,time_key,symbol_key,geography_key,transaction_type_key,unit
1,8,329,32,1,1605
2,17,329,32,3,1605
3,7,329,32,3,914
4,11,26,3,1,646
5,11,140,26,3,646
6,21,26,3,1,519
7,22,140,26,3,519
8,22,26,3,1,515
9,25,140,26,3,515
10,8,26,3,1,320
11,10,140,26,3,320
12,60,2318,40,1,309
13,71,2318,40,3,309
14,60,2318,40,1,303
15,71,2318,40,1,303
16,60,2318,40,3,303
17,79,2318,40,3,303
18,164,1387,41,1,287
19,169,1387,41,3,287
20,175,1387,41,1,255
21,196,1387,41,3,255
22,115,2318,40,1,233
23,120,2318,40,3,233
24,161,26,3,1,222
25,145,26,3,1,222
26,161,140,26,3,222
27,101,2318,40,1,221
28,103,2318,40,3,221
29,105,2318,40,1,217
30,141,2318,40,3,217
31,85,26,3,1,215
32,96,140,26,3,215
33,108,26,3,1,214
34,130,140,26,3,214
35,105,26,3,1,199
36,130,140,26,3,199
37,140,26,3,1,198
38,100,26,3,1,198
39,201,140,26,3,198
40,104,140,26,3,198
41,98,2318,40,1,195
42,141,2318,40,3,195
43,228,26,3,1,190
44,130,1387,41,1,177
45,132,1387,41,3,177
46,124,1387,41,1,155
47,126,1387,41,3,155
48,104,1387,41,1,147
49,107,1387,41,3,147
50,127,1387,41,1,146
51,138,1387,41,3,146
52,113,1387,41,1,144
53,114,1387,41,3,144
54,76,255,37,1,135
55,8,176,27,1,135
56,78,255,37,3,135
57,10,176,27,3,135
58,6,176,27,1,133
59,9,176,27,3,133
60,108,1387,41,1,132
61,109,1387,41,3,132
62,210,219,41,1,107
63,213,219,41,3,107
64,124,42,41,1,101
65,204,219,41,1,101
66,138,42,41,3,101
67,212,219,41,3,101
68,220,219,41,1,93
69,204,219,41,1,91
70,77,219,41,1,91
71,204,219,41,3,91
72,80,219,41,3,91
73,164,219,41,1,87
74,169,219,41,3,87
75,175,219,41,1,84
76,179,219,41,3,84
77,119,219,41,1,83
78,124,219,41,3,83
79,129,219,41,1,82
80,6,176,27,3,82
81,164,219,41,3,82
82,33,219,41,1,81
83,34,219,41,3,81
84,116,329,32,1,80
85,119,329,32,3,80
86,113,329,32,1,75
87,116,329,32,3,75
88,70,1735,19,1,74
89,75,2775,20,3,74
90,42,1735,19,1,73
91,49,2775,20,3,73
92,50,1735,19,1,71
93,64,2775,20,3,71
94,65,255,37,1,68
95,73,255,37,3,68
96,73,241,3,1,67
97,76,255,37,3,67
98,50,219,41,1,63
99,50,219,41,3,63
100,75,2164,4,1,62
101,54,219,41,1,62
102,84,2164,4,3,62
103,54,219,41,3,62
104,53,219,41,1,61
105,77,219,41,3,61
106,185,1455,41,1,60
107,8,2852,41,1,60
108,74,2164,4,1,60
109,187,1455,41,3,60
110,11,2852,41,3,60
111,75,2164,4,3,60
112,71,2164,4,1,58
113,154,834,42,1,58
114,38,219,41,1,58
115,205,1455,41,1,58
116,36,219,41,1,58
117,74,2164,4,3,58
118,167,834,42,3,58
119,39,219,41,3,58
120,211,1455,41,3,58
121,38,219,41,3,58
122,36,219,41,1,56
123,39,219,41,1,56
124,71,2164,4,1,56
125,31,219,41,1,56
126,36,219,41,3,56
127,39,219,41,3,56
128,71,2164,4,3,56
129,32,219,41,3,56
130,34,219,41,1,55
131,32,219,41,1,55
132,68,2164,4,1,55
133,36,219,41,3,55
134,32,219,41,3,55
135,71,2164,4,3,55
136,65,2164,4,1,54
137,67,2164,4,3,54
138,210,2704,6,1,53
139,213,2704,6,3,53
140,61,2164,4,1,52
141,47,219,41,1,52
142,214,2704,6,1,52
143,61,2164,4,3,52
144,50,219,41,3,52
145,75,1735,19,1,51
146,78,2775,20,3,51
147,123,1735,19,1,50
148,64,1735,19,1,50
149,145,1735,19,1,50
150,130,2775,20,3,50
151,67,2775,20,3,50
152,159,2775,20,3,50
153,177,1735,19,1,49
154,184,2775,20,3,49
155,46,241,3,1,48
156,195,1735,19,1,48
157,47,255,37,3,48
158,211,2775,20,3,48
159,50,241,3,1,47
160,31,241,3,1,47
161,64,255,37,3,47
162,36,255,37,3,47
163,189,1735,19,1,46
164,36,241,3,1,46
165,37,241,3,1,46
166,154,1455,41,1,46
167,194,2775,20,3,46
168,37,255,37,3,46
169,44,255,37,3,46
170,82,241,3,1,45
171,183,241,3,1,45
172,85,241,3,1,45
173,206,2704,6,1,45
174,6,2807,4,1,45
175,185,2704,6,1,45
176,84,255,37,3,45
177,191,255,37,3,45
178,149,255,37,3,45
179,206,2704,6,3,45
180,7,2807,4,3,45
181,196,2704,6,3,45
182,132,1735,19,1,44
183,8,2807,4,1,44
184,144,2775,20,3,44
185,8,2807,4,3,44
186,31,37,20,1,43
187,53,2492,20,1,43
188,228,1735,19,1,43
189,32,2492,20,3,43
190,106,999,29,3,43
191,7,2807,4,1,42
192,7,2807,4,3,42
193,141,834,42,1,41
194,218,1735,19,1,41
195,154,834,42,3,41
196,225,2775,20,3,41
197,37,2492,20,1,39
198,157,2164,4,1,39
199,90,834,42,1,39
200,115,2704,6,1,39
201,125,834,42,1,39
202,38,999,29,3,39
203,158,2164,4,3,39
204,98,834,42,3,39
205,133,2704,6,3,39
206,126,834,42,3,39
207,46,2492,20,1,38
208,46,999,29,3,38
209,140,1455,41,1,37
210,46,2492,20,1,37
211,23,2492,20,1,37
212,37,2492,20,1,37
213,38,2492,20,1,37
214,154,1455,41,3,37
215,47,999,29,3,37
216,24,999,29,3,37
217,37,999,29,3,37
218,40,999,29,3,37
219,44,2492,20,1,36
220,116,834,42,1,36
221,46,999,29,3,36
222,138,834,42,3,36
223,28,2492,20,1,35
224,104,2704,6,1,35
225,31,2492,20,1,35
226,26,2807,4,1,35
227,55,2164,4,1,35
228,57,2164,4,1,35
229,29,999,29,3,35
230,221,2704,6,3,35
231,31,999,29,3,35
232,26,2807,4,3,35
233,56,2164,4,3,35
234,59,2164,4,3,35
235,101,834,42,1,34
236,97,2704,6,1,34
237,28,2807,4,1,34
238,26,2807,4,1,34
239,104,834,42,3,34
240,100,2704,6,3,34
241,28,2807,4,3,34
242,26,2807,4,3,34
243,95,2704,6,1,33
244,29,2807,4,1,33
245,61,219,41,1,33
246,34,2492,20,1,33
247,129,2704,6,3,33
248,29,2807,4,3,33
249,76,219,41,3,33
250,37,2236,29,3,33
251,104,834,42,1,32
252,141,834,42,3,32
253,23,2807,4,1,31
254,25,2807,4,3,31
255,75,1804,20,1,30
256,31,241,3,1,30
257,53,2492,20,1,30
258,98,477,32,1,30
259,78,1002,20,3,30
260,33,241,3,3,30
261,53,2236,29,3,30
262,108,477,32,3,30
263,34,2425,36,1,29
264,25,2807,4,1,29
265,40,2425,36,3,29
266,25,2807,4,3,29
267,124,2140,41,1,28
268,55,2704,6,1,28
269,85,1804,20,1,28
270,149,2140,41,3,28
271,97,2704,6,3,28
272,227,449,4,1,27
273,59,2807,4,1,27
274,21,2492,20,1,27
275,40,2492,20,1,27
276,31,207,41,1,27
277,48,2492,20,1,27
278,231,449,4,3,27
279,64,2807,4,3,27
280,23,2236,29,3,27
281,41,2236,29,3,27
282,49,2236,29,3,27
283,42,37,20,1,26
284,52,2492,20,1,26
285,44,2236,29,3,26
286,53,2236,29,3,26
287,64,1735,19,1,25
288,29,37,20,1,25
289,147,1482,41,1,25
290,148,449,4,1,25
291,67,2775,20,3,25
292,31,2236,29,3,25
293,158,1482,41,3,25
294,155,449,4,3,25
295,78,37,20,1,24
296,87,241,3,1,24
297,104,37,20,1,24
298,23,207,41,1,24
299,145,1482,41,1,24
300,207,449,4,1,24
301,164,1482,41,1,24
302,4,2807,4,1,24
303,145,37,20,1,24
304,33,37,20,1,24
305,82,2492,20,3,24
306,149,255,37,3,24
307,137,2236,29,3,24
308,24,207,41,3,24
309,147,1482,41,3,24
310,210,449,4,3,24
311,165,1482,41,3,24
312,5,2807,4,3,24
313,148,2236,29,3,24
314,34,2236,29,3,24
315,73,2807,4,1,23
316,206,3183,8,1,23
317,202,3183,8,1,23
318,104,37,20,1,23
319,70,2807,4,1,23
320,76,2807,4,3,23
321,206,261,8,3,23
322,203,261,8,3,23
323,137,2236,29,3,23
324,70,2807,4,3,23
325,219,449,4,1,22
326,34,2807,4,1,22
327,17,207,41,1,22
328,17,2807,4,1,22
329,3,505,5,1,22
330,25,207,41,1,22
331,227,37,20,1,22
332,193,1482,41,1,22
333,19,207,41,1,22
334,189,1482,41,1,22
335,157,449,4,1,22
336,18,207,41,1,22
337,52,1482,41,1,22
338,17,2807,4,1,22
339,110,2874,20,1,22
340,220,449,4,3,22
341,34,2807,4,3,22
342,18,207,41,3,22
343,17,2807,4,3,22
344,7,505,5,3,22
345,25,207,41,3,22
346,228,2236,29,3,22
347,194,1482,41,3,22
348,21,207,41,3,22
349,192,1482,41,3,22
350,179,449,4,3,22
351,19,207,41,3,22
352,53,1482,41,3,22
353,17,2807,4,3,22
354,137,2874,20,3,22
355,21,2807,4,1,21
356,4,1482,41,1,21
357,200,449,4,1,21
358,29,207,41,1,21
359,26,207,41,1,21
360,31,207,41,1,21
361,164,37,20,1,21
362,22,2807,4,3,21
363,6,1482,41,3,21
364,203,449,4,3,21
365,29,207,41,3,21
366,26,207,41,3,21
367,31,207,41,3,21
368,167,2236,29,3,21
369,135,449,4,1,20
370,6,1482,41,1,20
371,2,505,5,1,20
372,70,1482,41,1,20
373,71,1482,41,1,20
374,65,2807,4,1,20
375,205,449,4,1,20
376,73,1482,41,1,20
377,90,2874,20,1,20
378,28,207,41,1,20
379,199,3183,8,1,20
380,31,2425,36,1,20
381,9,1482,41,3,20
382,3,505,5,3,20
383,71,1482,41,3,20
384,73,1482,41,3,20
385,66,2807,4,3,20
386,205,449,4,3,20
387,78,1482,41,3,20
388,202,2874,20,3,20
389,28,207,41,3,20
390,200,934,8,3,20
391,34,2425,36,3,20
392,60,2384,41,1,19
393,183,449,4,1,19
394,18,37,20,1,19
395,218,37,20,1,19
396,68,1482,41,1,19
397,1,737,41,1,19
398,219,37,20,1,19
399,60,2384,41,3,19
400,191,449,4,3,19
401,21,2236,29,3,19
402,218,2236,29,3,19
403,70,1482,41,3,19
404,15,737,41,3,19
405,219,2236,29,3,19
406,198,1359,8,1,18
407,201,1359,8,1,18
408,36,2807,4,1,18
409,140,449,4,1,18
410,50,2807,4,1,18
411,63,2384,41,1,18
412,36,2807,4,1,18
413,140,449,4,1,18
414,5,402,41,1,18
415,50,37,20,1,18
416,199,934,8,3,18
417,201,934,8,3,18
418,37,2807,4,3,18
419,144,449,4,3,18
420,51,2807,4,3,18
421,64,2384,41,3,18
422,36,2807,4,3,18
423,144,449,4,3,18
424,7,402,41,3,18
425,51,2236,29,3,18
426,34,1482,41,1,17
427,154,1804,20,1,17
428,37,1482,41,1,17
429,21,3064,41,1,17
430,127,1286,17,1,17
431,104,1286,17,1,17
432,46,1482,41,1,17
433,47,37,20,1,17
434,100,449,4,1,17
435,37,1482,41,3,17
436,197,1002,20,3,17
437,38,1482,41,3,17
438,31,3064,41,3,17
439,107,1286,17,3,17
440,47,1482,41,3,17
441,47,2236,29,3,17
442,102,449,4,3,17
443,110,449,4,1,16
444,68,2384,41,1,16
445,86,2704,6,1,16
446,75,2704,6,1,16
447,44,439,3,1,16
448,104,449,4,1,16
449,48,1482,41,1,16
450,56,2807,4,1,16
451,46,439,3,1,16
452,20,3064,41,1,16
453,64,1482,41,1,16
454,49,1482,41,1,16
455,112,449,4,3,16
456,70,2384,41,3,16
457,88,2704,6,3,16
458,88,2704,6,3,16
459,46,439,3,3,16
460,106,449,4,3,16
461,49,1482,41,3,16
462,32,207,41,3,16
463,59,2807,4,3,16
464,53,439,3,3,16
465,21,3064,41,3,16
466,67,1482,41,3,16
467,51,1482,41,3,16
468,64,2704,6,1,15
469,69,2807,4,1,15
470,98,1804,20,1,15
471,98,449,4,1,15
472,39,2807,4,1,15
473,71,2807,4,1,15
474,32,2807,4,1,15
475,39,2807,4,1,15
476,40,2807,4,1,15
477,85,449,4,1,15
478,38,439,3,1,15
479,70,2704,6,3,15
480,28,439,3,3,15
481,70,2807,4,3,15
482,102,449,4,3,15
483,39,2807,4,3,15
484,73,2807,4,3,15
485,32,2807,4,3,15
486,40,2807,4,3,15
487,40,2807,4,3,15
488,89,449,4,3,15
489,44,439,3,3,15
490,68,2807,4,1,14
491,41,2807,4,1,14
492,4,402,41,1,14
493,198,1359,8,1,14
494,68,2807,4,3,14
495,41,2807,4,3,14
496,5,402,41,3,14
497,198,934,8,3,14
498,31,2764,41,1,13
499,92,449,4,1,13
500,32,2764,41,1,13
501,67,2807,4,1,13
502,80,2807,4,1,13
503,46,2807,4,1,13
504,47,2807,4,1,13
505,83,449,4,1,13
506,91,449,4,1,13
507,53,2807,4,1,13
508,32,2764,41,3,13
509,140,449,4,3,13
510,48,2764,41,3,13
511,67,2807,4,3,13
512,80,2807,4,3,13
513,47,2807,4,3,13
514,50,2807,4,3,13
515,89,449,4,3,13
516,91,449,4,3,13
517,54,2807,4,3,13
518,44,2807,4,1,12
519,14,207,41,1,12
520,9,207,41,1,12
521,89,449,4,1,12
522,76,2384,41,1,12
523,44,2807,4,3,12
524,16,207,41,3,12
525,12,207,41,3,12
526,140,449,4,3,12
527,78,2384,41,3,12
528,90,1240,41,1,11
529,64,37,20,1,11
530,85,2384,41,1,11
531,183,1359,8,1,11
532,78,227,40,1,11
533,71,2384,41,1,11
534,229,1980,8,1,11
535,104,1240,41,1,11
536,54,2807,4,1,11
537,13,207,41,1,11
538,113,1240,41,3,11
539,67,2236,29,3,11
540,87,2384,41,3,11
541,184,934,8,3,11
542,79,227,40,3,11
543,76,2384,41,3,11
544,229,1980,8,3,11
545,113,1240,41,3,11
546,54,2807,4,3,11
547,14,207,41,3,11
548,148,2384,41,1,10
549,189,1359,8,1,10
550,212,177,41,1,10
551,33,737,41,1,10
552,31,227,40,1,10
553,58,2384,41,1,10
554,89,2384,41,1,10
555,66,2384,41,1,10
556,65,2384,41,1,10
557,193,1359,8,1,10
558,185,1359,8,1,10
559,29,207,41,1,10
560,150,2384,41,3,10
561,191,934,8,3,10
562,1,505,5,3,10
563,215,177,41,3,10
564,53,737,41,3,10
565,32,227,40,3,10
566,58,2384,41,3,10
567,90,2384,41,3,10
568,67,2384,41,3,10
569,66,2384,41,3,10
570,32,207,41,3,10
571,194,934,8,3,10
572,186,934,8,3,10
573,30,207,41,3,10
574,154,2384,41,1,9
575,29,2870,37,1,9
576,70,3159,41,1,9
577,108,2384,41,1,9
578,31,1958,41,1,9
579,29,2870,37,1,9
580,90,2903,41,1,9
581,65,3159,41,1,9
582,31,227,40,1,9
583,61,2807,4,1,9
584,66,2384,41,1,9
585,208,177,41,1,9
586,68,3159,41,1,9
587,169,2384,41,3,9
588,30,2870,37,3,9
589,74,3159,41,3,9
590,109,2384,41,3,9
591,33,1958,41,3,9
592,30,2870,37,3,9
593,98,2903,41,3,9
594,67,3159,41,3,9
595,31,227,40,3,9
596,62,2807,4,3,9
597,66,2384,41,3,9
598,212,177,41,3,9
599,70,3159,41,3,9
600,17,2870,37,1,8
601,29,227,40,1,8
602,37,227,40,1,8
603,8,1958,41,1,8
604,38,227,40,1,8
605,36,227,40,1,8
606,37,227,40,1,8
607,207,1258,41,1,8
608,17,3064,41,1,8
609,98,2384,41,1,8
610,95,2384,41,1,8
611,17,2870,37,1,8
612,21,151,41,1,8
613,22,2870,37,1,8
614,33,207,41,1,8
615,30,227,40,1,8
616,61,3159,41,1,8
617,22,151,41,1,8
618,22,2870,37,3,8
619,30,227,40,3,8
620,38,227,40,3,8
621,12,1958,41,3,8
622,38,227,40,3,8
623,37,227,40,3,8
624,37,227,40,3,8
625,208,1258,41,3,8
626,19,3064,41,3,8
627,99,2384,41,3,8
628,96,2384,41,3,8
629,17,2870,37,3,8
630,22,151,41,3,8
631,29,2870,37,3,8
632,33,207,41,3,8
633,30,227,40,3,8
634,65,3159,41,3,8
635,25,151,41,3,8
636,52,227,40,1,7
637,41,227,40,1,7
638,61,2384,41,1,7
639,37,207,41,1,7
640,31,227,40,1,7
641,27,151,41,1,7
642,46,2870,37,1,7
643,51,227,40,1,7
644,47,2870,37,1,7
645,54,1258,41,1,7
646,54,1258,41,1,7
647,20,151,41,1,7
648,52,2870,37,1,7
649,207,177,41,1,7
650,208,655,40,1,7
651,185,2384,41,1,7
652,45,227,40,1,7
653,50,2870,37,1,7
654,137,2384,41,1,7
655,4,151,41,1,7
656,41,1258,41,1,7
657,53,2870,37,1,7
658,75,2870,37,1,7
659,30,177,41,1,7
660,25,151,41,1,7
661,145,655,40,1,7
662,148,655,40,1,7
663,3,151,41,1,7
664,49,1258,41,1,7
665,100,3159,41,1,7
666,25,177,41,1,7
667,200,655,40,1,7
668,38,227,40,1,7
669,45,1258,41,1,7
670,46,227,40,1,7
671,46,227,40,1,7
672,102,3159,41,1,7
673,39,227,40,1,7
674,49,227,40,1,7
675,227,655,40,1,7
676,30,2870,37,1,7
677,61,2384,41,1,7
678,30,227,40,1,233
679,32,2870,37,1,222
680,33,227,40,1,222
681,212,1258,41,1,222
682,4,2705,28,1,221
683,208,227,40,1,221
684,32,227,40,1,217
685,34,227,40,1,217
686,32,227,40,1,215
687,33,227,40,1,215
688,50,227,40,1,214
689,36,2870,37,1,214
690,23,177,41,1,202
691,52,227,40,3,202
692,43,227,40,3,199
693,62,2384,41,3,199
694,38,207,41,3,198
695,31,227,40,3,198
696,30,151,41,3,198
697,47,2870,37,3,198
698,51,227,40,3,195
699,48,2870,37,3,195
700,55,1258,41,3,190
701,55,1258,41,3,185
702,21,151,41,3,185
703,53,2870,37,3,185
704,208,177,41,3,177
705,209,1444,40,3,177
706,8,1258,41,3,155
707,188,2384,41,3,155
708,46,227,40,3,147
709,51,2870,37,3,147
710,148,2384,41,3,146
711,6,151,41,3,146
712,45,1258,41,3,144
713,64,2870,37,3,144
714,77,2870,37,3,136
715,31,177,41,3,136
716,26,151,41,3,135
717,148,1444,40,3,135
718,151,1444,40,3,135
719,4,151,41,3,135
720,54,1258,41,3,133
721,102,3159,41,3,133
722,30,177,41,3,132
723,201,1689,40,3,132
724,38,227,40,3,129
725,47,227,40,3,129
726,49,1258,41,3,129
727,46,227,40,3,129
728,138,3159,41,3,128
729,40,227,40,3,128
730,50,227,40,3,125
731,31,2870,37,3,123
732,61,2384,41,3,123
733,30,227,40,3,122
734,36,2870,37,3,122
735,33,227,40,3,115
736,218,1258,41,3,115
737,5,2705,28,3,107
738,2,1738,5,3,107
739,210,227,40,3,103
740,33,227,40,3,101
741,36,227,40,3,101
742,32,227,40,3,101
743,33,227,40,3,101
744,51,227,40,3,96
745,38,2870,37,3,96
746,24,177,41,3,93
747,173,2457,40,1,93
748,56,3159,41,1,93
749,101,2602,41,1,92
750,160,2275,40,1,92
751,154,2275,40,1,92
752,176,1980,8,1,91
753,36,151,41,1,91
754,75,1980,8,1,91
755,148,1980,8,1,91
756,41,1980,8,1,91
757,162,2275,40,1,91
758,55,3159,41,1,87
759,128,2602,41,1,87
760,53,2869,41,1,84
761,19,177,41,1,84
762,107,2602,41,1,84
763,18,177,41,1,84
764,82,1258,41,1,83
765,49,874,20,1,83
766,8,2544,21,1,82
767,8,177,41,1,82
768,90,2602,41,1,82
769,175,655,40,1,81
770,140,655,40,1,81
771,21,1258,41,1,80
772,20,6,41,1,80
773,30,227,40,1,75
774,29,6,41,1,75
775,58,1258,41,1,74
776,17,1258,41,1,74
777,24,6,41,1,73
778,7,151,41,1,73
779,70,2870,37,1,71
780,36,207,41,1,71
781,49,2870,37,1,69
782,6,151,41,1,69
783,67,207,41,1,68
784,4,2641,41,1,68
785,212,655,40,1,67
786,32,1258,41,1,67
787,113,207,41,1,63
788,51,2870,37,1,63
789,29,227,40,1,62
790,145,2602,41,1,62
791,22,1258,41,1,62
792,9,1258,41,1,62
793,173,1689,40,3,61
794,59,3159,41,3,61
795,1,177,41,3,60
796,107,2602,41,3,60
797,161,1444,40,3,60
798,156,1444,40,3,60
799,228,1980,8,3,60
800,38,151,41,3,60
801,79,1980,8,3,58
802,151,1980,8,3,58
803,46,1980,8,3,58
804,170,1444,40,3,58
805,56,3159,41,3,58
806,138,2602,41,3,58
807,56,2869,41,3,58
808,21,177,41,3,58
809,112,2602,41,3,58
810,19,177,41,3,58
811,83,1258,41,3,57
812,27,2544,21,3,57
813,18,177,41,3,56
814,101,2602,41,3,56
815,184,1444,40,3,56
816,144,1444,40,3,56
817,22,1258,41,3,56
818,24,6,41,3,56
819,30,227,40,3,56
820,36,6,41,3,56
821,65,1258,41,3,56
822,21,1258,41,3,56
823,28,6,41,3,56
824,11,151,41,3,56
825,70,2870,37,3,55
826,37,207,41,3,55
827,50,2870,37,3,55
828,7,151,41,3,55
829,68,207,41,3,55
830,8,2641,41,3,55
831,213,1444,40,3,55
832,40,1258,41,3,55
833,119,207,41,3,54
834,51,2870,37,3,54
835,29,227,40,3,53
836,171,2602,41,3,53
837,32,1258,41,3,53
838,16,1258,41,3,53
839,40,227,40,1,52
840,105,6,41,1,52
841,70,2870,37,1,52
842,28,2869,41,1,52
843,46,177,41,1,52
844,50,151,41,1,51
845,62,1558,41,1,51
846,86,151,41,1,50
847,44,151,41,1,50
848,45,874,20,1,50
849,52,151,41,1,50
850,86,227,40,1,50
851,140,832,41,1,50
852,85,1558,41,1,50
853,18,6,41,1,50
854,9,697,31,1,49
855,124,1980,8,1,49
856,53,1558,41,1,49
857,30,2869,41,1,49
858,49,1558,41,1,48
859,65,2870,37,1,48
860,27,2869,41,1,48
861,73,1558,41,1,48
862,31,1558,41,1,48
863,60,227,40,1,48
864,45,2870,37,1,47
865,19,2869,41,1,47
866,2,6,41,1,47
867,53,151,41,1,47
868,31,2869,41,1,46
869,205,1258,41,1,46
870,38,151,41,1,46
871,37,6,41,1,46
872,86,2870,37,1,46
873,140,151,41,1,46
874,157,1980,8,1,46
875,36,6,41,1,46
876,60,177,41,1,46
877,18,151,41,1,45
878,25,2869,41,1,45
879,154,852,41,1,45
880,77,2870,37,1,45
881,17,151,41,1,45
882,49,1980,8,1,45
883,100,1258,41,1,45
884,100,1980,8,1,45
885,57,6,41,1,45
886,34,151,41,1,45
887,39,151,41,1,45
888,32,151,41,1,45
889,49,2869,41,1,45
890,45,6,41,1,45
891,154,227,40,1,45
892,82,177,41,1,45
893,40,2870,37,1,45
894,17,151,41,1,45
895,30,151,41,1,44
896,75,6,41,1,44
897,86,1980,8,1,44
898,65,874,20,1,44
899,52,2869,41,1,44
900,86,6,41,1,44
901,31,177,41,1,43
902,84,1258,41,1,43
903,46,1980,8,1,43
904,40,227,40,3,43
905,1,6,41,3,43
906,115,6,41,3,43
907,74,2870,37,3,43
908,28,2869,41,3,42
909,60,177,41,3,42
910,51,151,41,3,42
911,73,1558,41,3,42
912,88,151,41,3,42
913,44,151,41,3,42
914,47,126,20,3,41
915,53,151,41,3,41
916,89,227,40,3,41
917,179,832,41,3,41
918,95,1558,41,3,41
919,20,6,41,3,41
920,11,697,31,3,41
921,148,1980,8,3,41
922,12,2527,41,3,40
923,59,1558,41,3,40
924,31,2869,41,3,40
925,53,1558,41,3,40
926,67,2870,37,3,39
927,28,2869,41,3,39
928,75,1558,41,3,39
929,48,1558,41,3,39
930,60,227,40,3,39
931,46,2870,37,3,39
932,20,2869,41,3,39
933,18,6,41,3,39
934,54,151,41,3,39
935,28,805,41,3,39
936,32,2869,41,3,39
937,207,1258,41,3,39
938,39,151,41,3,38
939,45,6,41,3,38
940,88,2870,37,3,38
941,155,151,41,3,38
942,171,1980,8,3,38
943,37,6,41,3,38
944,68,177,41,3,37
945,19,151,41,3,37
946,26,2869,41,3,37
947,169,852,41,3,37
948,81,2870,37,3,37
949,18,151,41,3,37
950,58,1980,8,3,37
951,134,1258,41,3,37
952,101,1980,8,3,37
953,58,6,41,3,37
954,36,151,41,3,36
955,43,151,41,3,36
956,33,151,41,3,36
957,49,2869,41,3,36
958,55,6,41,3,36
959,169,227,40,3,36
960,85,177,41,3,35
961,44,2870,37,3,35
962,17,151,41,3,35
963,32,151,41,3,35
964,85,6,41,3,35
965,94,1980,8,3,35
966,65,126,20,3,35
967,53,2869,41,3,35
968,88,6,41,3,35
969,46,177,41,3,35
970,89,1258,41,3,35
971,48,1980,8,3,35
972,138,2457,40,1,34
973,23,1558,41,1,34
974,145,227,40,1,34
975,227,177,41,1,34
976,70,874,20,1,34
977,138,227,40,1,34
978,40,874,20,1,34
979,112,2275,40,1,34
980,40,1980,8,1,34
981,228,151,41,1,34
982,69,177,41,1,33
983,123,2275,40,1,33
984,200,227,40,1,33
985,2,2869,41,1,33
986,4,2869,41,1,33
987,154,2870,37,1,33
988,140,2870,37,1,33
989,6,319,41,1,33
990,65,874,20,1,33
991,75,874,20,1,32
992,228,177,41,1,32
993,11,2869,41,1,32
994,98,227,40,1,32
995,218,177,41,1,31
996,71,151,41,1,31
997,148,227,40,1,30
998,138,151,41,1,30
999,73,151,41,1,30
1000,76,227,40,1,30
1001,16,2869,41,1,30
1002,75,1558,41,1,30
1003,90,852,41,1,30
1004,48,151,41,1,30
1005,189,151,41,1,30
1006,70,1258,41,1,30
1007,49,151,41,1,30
1008,227,1980,8,1,29
1009,205,177,41,1,29
1010,175,151,41,1,29
1011,45,151,41,1,29
1012,68,1258,41,1,29
1013,46,151,41,1,29
1014,218,2870,37,1,28
1015,47,874,20,1,28
1016,34,2869,41,1,28
1017,91,227,40,1,28
1018,140,1689,40,3,28
1019,31,1558,41,3,28
1020,148,227,40,3,28
1021,228,177,41,3,28
1022,75,126,20,3,28
1023,154,227,40,3,27
1024,44,126,20,3,27
1025,121,1444,40,3,27
1026,41,1980,8,3,27
1027,76,177,41,3,27
1028,125,1444,40,3,27
1029,203,227,40,3,27
1030,3,2869,41,3,27
1031,6,2869,41,3,27
1032,188,2870,37,3,27
1033,154,2870,37,3,27
1034,7,319,41,3,27
1035,70,126,20,3,27
1036,80,126,20,3,27
1037,231,177,41,3,26
1038,11,2869,41,3,26
1039,99,227,40,3,26
1040,225,177,41,3,26
1041,73,151,41,3,26
1042,151,227,40,3,26
1043,140,151,41,3,26
1044,76,151,41,3,26
1045,89,227,40,3,26
1046,16,2869,41,3,26
1047,78,1558,41,3,26
1048,154,852,41,3,26
1049,49,151,41,3,26
1050,193,151,41,3,26
1051,81,1258,41,3,26
1052,50,151,41,3,26
1053,228,1980,8,3,25
1054,207,177,41,3,25
1055,179,151,41,3,25
1056,63,126,20,3,25
1057,46,151,41,3,25
1058,70,1258,41,3,25
1059,47,151,41,3,25
1060,219,2870,37,3,25
1061,49,126,20,3,25
1062,36,2869,41,3,25
1063,91,227,40,3,25
1064,137,1258,41,1,25
1065,18,1277,36,1,25
1066,22,1900,41,1,25
1067,189,227,40,1,24
1068,198,151,41,1,24
1069,61,227,40,1,24
1070,61,2116,36,1,24
1071,185,151,41,1,24
1072,113,2870,37,1,24
1073,105,151,41,1,233
1074,176,874,20,1,222
1075,26,1900,41,1,222
1076,30,2116,36,1,222
1077,31,1900,41,1,221
1078,64,3159,41,1,217
1079,31,2116,36,1,217
1080,145,177,41,1,215
1081,28,2116,36,1,215
1082,127,874,20,1,214
1083,116,874,20,1,214
1084,28,2116,36,1,202
1085,54,2116,36,1,202
1086,50,2116,36,1,199
1087,31,2116,36,1,199
1088,128,227,40,1,198
1089,38,149,36,1,198
1090,207,770,5,1,198
1091,89,151,41,1,198
1092,128,151,41,1,195
1093,76,151,41,1,195
1094,105,2870,37,1,190
1095,193,151,41,1,185
1096,21,2762,5,1,185
1097,98,2870,37,1,185
1098,123,227,40,1,177
1099,179,832,41,1,177
1100,17,149,36,1,155
1101,138,1980,8,1,155
1102,18,149,36,1,147
1103,17,149,36,1,147
1104,26,149,36,1,146
1105,22,149,36,1,146
1106,78,151,41,1,144
1107,19,149,36,1,144
1108,8,151,41,1,136
1109,12,1958,41,1,136
1110,26,725,41,1,135
1111,113,227,40,1,135
1112,205,151,41,1,135
1113,89,2870,37,1,135
1114,124,832,41,1,133
1115,17,725,41,1,133
1116,164,151,41,1,132
1117,212,1900,41,1,132
1118,104,1196,41,1,129
1119,154,1258,41,1,129
1120,220,2275,40,1,129
1121,61,2665,26,1,129
1122,6,101,41,1,128
1123,189,2275,40,1,128
1124,220,151,41,1,125
1125,105,1980,8,1,123
1126,55,227,40,1,123
1127,31,2762,5,1,122
1128,54,227,40,1,122
1129,136,2275,40,1,115
1130,144,227,40,1,107
1131,145,1980,8,1,107
1132,127,2275,40,1,103
1133,45,2869,41,1,101
1134,56,227,40,1,101
1135,20,149,36,3,96
1136,25,1900,41,3,96
1137,194,227,40,3,93
1138,199,151,41,3,93
1139,110,227,40,3,93
1140,62,1852,36,3,92
1141,188,151,41,3,92
1142,114,2870,37,3,92
1143,127,151,41,3,91
1144,208,126,20,3,91
1145,31,1900,41,3,91
1146,31,1852,36,3,91
1147,46,1900,41,3,91
1148,67,3159,41,3,87
1149,33,1852,36,3,87
1150,158,177,41,3,84
1151,29,1852,36,3,84
1152,131,126,20,3,84
1153,122,126,20,3,83
1154,29,1852,36,3,83
1155,59,1852,36,3,82
1156,51,1852,36,3,82
1157,31,1852,36,3,82
1158,133,227,40,3,81
1159,41,1852,36,3,81
1160,215,770,5,3,80
1161,98,151,41,3,80
1162,134,151,41,3,75
1163,81,151,41,3,75
1164,110,2870,37,3,74
1165,198,151,41,3,74
1166,31,2762,5,3,73
1167,102,2870,37,3,73
1168,126,227,40,3,71
1169,180,832,41,3,71
1170,18,1852,36,3,69
1171,151,1980,8,3,69
1172,18,1852,36,3,68
1173,17,1852,36,3,68
1174,28,1852,36,3,67
1175,25,1852,36,3,67
1176,80,151,41,3,63
1177,22,1852,36,3,63
1178,9,151,41,3,62
1179,25,1958,41,3,62
1180,28,725,41,3,62
1181,114,227,40,3,62
1182,208,151,41,3,61
1183,93,2870,37,3,61
1184,140,832,41,3,60
1185,19,725,41,3,60
1186,167,151,41,3,60
1187,222,1900,41,3,60
1188,113,1196,41,3,60
1189,198,1258,41,3,60
1190,223,1444,40,3,58
1191,66,2665,26,3,58
1192,9,101,41,3,58
1193,190,1444,40,3,58
1194,221,151,41,3,58
1195,120,1980,8,3,58
1196,55,227,40,3,58
1197,55,227,40,3,58
1198,140,1444,40,3,58
1199,154,227,40,3,57
1200,151,1980,8,3,57
1201,133,1444,40,3,56
1202,46,2869,41,3,56
1203,57,227,40,3,56
1204,33,1277,36,1,56
1205,5,319,41,1,56
1206,227,1900,41,1,56
1207,100,770,5,1,56
1208,70,2665,26,1,56
1209,147,2457,40,1,56
1210,20,1092,8,1,56
1211,75,2665,26,1,55
1212,89,2869,41,1,55
1213,45,1092,8,1,55
1214,56,1092,8,1,55
1215,22,2275,40,1,55
1216,80,1092,8,1,55
1217,53,1092,8,1,55
1218,40,1092,8,1,55
1219,50,1092,8,1,54
1220,2,2275,40,1,54
1221,43,1761,41,1,53
1222,34,1092,8,1,53
1223,136,6,41,1,53
1224,30,1092,8,1,53
1225,32,1092,8,1,52
1226,189,770,5,1,52
1227,49,767,16,1,52
1228,30,1761,41,1,52
1229,227,2665,26,1,52
1230,36,1761,41,1,51
1231,227,770,5,1,51
1232,22,1761,41,1,50
1233,164,832,41,1,50
1234,86,1761,41,1,50
1235,228,1900,41,1,50
1236,51,1277,36,1,50
1237,82,1815,41,1,50
1238,164,2275,40,1,50
1239,48,1277,36,1,50
1240,8,2275,40,1,49
1241,8,2275,40,1,49
1242,49,1277,36,1,49
1243,206,1980,8,1,49
1244,119,6,41,1,48
1245,42,1277,36,1,48
1246,36,1277,36,1,48
1247,205,1900,41,1,48
1248,145,2412,41,1,48
1249,64,770,5,1,48
1250,45,1277,36,1,47
1251,104,2412,41,1,47
1252,54,1900,41,1,47
1253,70,1277,36,1,47
1254,68,2665,26,1,46
1255,205,2968,41,1,46
1256,200,1900,41,1,46
1257,90,2412,41,1,46
1258,108,1900,41,1,46
1259,41,770,5,1,46
1260,98,1558,41,1,46
1261,82,770,5,1,46
1262,191,2870,37,1,46
1263,75,2116,36,1,45
1264,46,1900,41,1,45
1265,145,1558,41,1,45
1266,75,770,5,1,45
1267,220,2870,37,1,45
1268,46,2116,36,1,45
1269,25,2116,36,1,45
1270,16,1900,41,1,45
1271,67,2665,26,1,45
1272,228,2870,37,1,45
1273,18,1092,8,1,45
1274,13,1900,41,1,45
1275,128,177,41,1,45
1276,17,1092,8,1,45
1277,37,2116,36,1,45
1278,189,2870,37,1,45
1279,25,725,41,1,44
1280,66,2665,26,1,44
1281,136,2870,37,1,44
1282,47,2968,41,1,44
1283,27,1092,8,1,44
1284,9,1092,8,1,44
1285,90,177,41,1,43
1286,208,1815,41,1,43
1287,25,1092,8,1,43
1288,31,1092,8,1,43
1289,8,1092,8,1,43
1290,26,3164,8,1,43
1291,89,6,41,1,43
1292,4,2762,5,1,42
1293,70,2968,41,1,42
1294,8,3164,8,1,42
1295,17,2968,41,1,42
1296,76,177,41,1,42
1297,140,1258,41,1,42
1298,2,3164,8,1,41
1299,89,1258,41,1,41
1300,115,2870,37,1,41
1301,183,151,41,1,41
1302,128,2870,37,1,41
1303,4,101,41,1,41
1304,123,2870,37,1,41
1305,31,151,41,1,40
1306,36,149,36,3,40
1307,6,319,41,3,40
1308,228,1900,41,3,40
1309,144,770,5,3,39
1310,74,2665,26,3,39
1311,148,1689,40,3,39
1312,24,3164,8,3,39
1313,26,2544,21,3,39
1314,78,2665,26,3,39
1315,12,1900,41,3,39
1316,100,2869,41,3,39
1317,49,3164,8,3,39
1318,60,3164,8,3,39
1319,25,1689,40,3,39
1320,81,1815,41,3,39
1321,55,3164,8,3,38
1322,45,3164,8,3,38
1323,51,3164,8,3,38
1324,4,1689,40,3,38
1325,60,1761,41,3,38
1326,40,3164,8,3,38
1327,31,3164,8,3,37
1328,34,3164,8,3,37
1329,201,770,5,3,37
1330,50,892,16,3,37
1331,36,1761,41,3,37
1332,228,2665,26,3,37
1333,43,1761,41,3,37
1334,30,1761,41,3,37
1335,166,832,41,3,37
1336,94,1761,41,3,37
1337,230,1900,41,3,36
1338,54,2043,36,3,36
1339,90,1815,41,3,36
1340,170,1689,40,3,36
1341,49,2043,36,3,36
1342,8,1444,40,3,36
1343,9,1444,40,3,35
1344,50,2043,36,3,35
1345,228,1980,8,3,35
1346,134,6,41,3,35
1347,43,2043,36,3,35
1348,37,2043,36,3,35
1349,211,1900,41,3,35
1350,174,2412,41,3,35
1351,28,805,41,3,35
1352,36,1958,41,3,35
1353,75,770,5,3,35
1354,46,2043,36,3,35
1355,143,2412,41,3,34
1356,60,1900,41,3,34
1357,74,2043,36,3,34
1358,70,2665,26,3,34
1359,204,1900,41,3,34
1360,98,2412,41,3,34
1361,116,1900,41,3,34
1362,64,770,5,3,34
1363,143,1558,41,3,34
1364,98,770,5,3,34
1365,196,2870,37,3,33
1366,76,2043,36,3,33
1367,54,1900,41,3,33
1368,148,1558,41,3,33
1369,78,770,5,3,33
1370,221,2870,37,3,33
1371,47,2043,36,3,33
1372,26,2043,36,3,33
1373,22,1900,41,3,33
1374,67,2665,26,3,32
1375,20,3164,8,3,32
1376,40,770,5,3,32
1377,15,1900,41,3,32
1378,200,177,41,3,31
1379,18,3164,8,3,31
1380,38,2043,36,3,30
1381,190,2870,37,3,30
1382,26,725,41,3,30
1383,66,2665,26,3,30
1384,140,2870,37,3,30
1385,59,2968,41,3,30
1386,30,3164,8,3,30
1387,11,3164,8,3,30
1388,127,177,41,3,30
1389,218,1815,41,3,30
1390,26,3164,8,3,29
1391,32,3164,8,3,29
1392,8,3164,8,3,29
1393,27,3164,8,3,29
1394,100,6,41,3,29
1395,20,2762,5,3,29
1396,81,2968,41,3,28
1397,9,3164,8,3,28
1398,28,2968,41,3,28
1399,86,177,41,3,28
1400,2,2762,5,3,28
1401,3,2762,5,3,28
1402,198,1258,41,3,28
1403,4,3164,8,3,28
1404,98,1258,41,3,27
1405,119,2870,37,3,27
1406,185,151,41,3,27
1407,134,2870,37,3,27
1408,6,101,41,3,27
1409,127,2870,37,3,27
1410,31,151,41,3,27
1411,30,246,29,1,27
1412,37,2457,40,1,27
1413,145,1815,41,1,27
1414,38,1359,8,1,27
1415,189,246,29,1,27
1416,33,2607,5,1,27
1417,46,2457,40,1,27
1418,185,1900,41,1,27
1419,42,1359,8,1,26
1420,70,767,16,1,26
1421,55,414,41,1,26
1422,13,414,41,1,26
1423,199,177,41,1,26
1424,37,1359,8,1,26
1425,47,1277,36,1,26
1426,84,449,4,1,26
1427,38,2457,40,1,26
1428,164,2665,26,1,26
1429,104,2169,41,1,26
1430,47,767,16,1,26
1431,100,2665,26,1,26
1432,50,767,16,1,26
1433,68,1900,41,1,26
1434,9,2457,40,1,26
1435,29,1359,8,1,25
1436,183,1761,41,1,25
1437,55,1359,8,1,25
1438,50,2607,5,1,25
1439,46,2607,5,1,25
1440,220,2665,26,1,25
1441,75,2607,5,1,25
1442,60,2457,40,1,25
1443,55,2607,5,1,25
1444,43,2607,5,1,25
1445,91,1815,41,1,25
1446,33,1359,8,1,25
1447,35,2607,5,1,25
1448,33,1359,8,1,25
1449,189,246,29,1,24
1450,98,1761,41,1,24
1451,59,2457,40,1,24
1452,48,2457,40,1,24
1453,36,2607,5,1,24
1454,128,1900,41,1,24
1455,64,2457,40,1,24
1456,51,2457,40,1,24
1457,210,1258,41,1,24
1458,44,1359,8,1,24
1459,52,2457,40,1,24
1460,65,2457,40,1,24
1461,154,770,5,1,24
1462,40,1359,8,1,24
1463,32,1359,8,1,24
1464,49,2457,40,1,24
1465,53,2457,40,1,24
1466,179,1697,41,1,24
1467,54,2457,40,1,24
1468,127,2127,5,1,24
1469,56,2457,40,1,23
1470,53,2457,40,1,23
1471,19,246,29,1,23
1472,50,2002,40,1,23
1473,39,1359,8,1,23
1474,39,1359,8,1,23
1475,45,2002,40,1,23
1476,86,2002,40,1,23
1477,154,1900,41,1,23
1478,50,414,41,1,23
1479,46,414,41,1,23
1480,39,2002,40,1,23
1481,38,1359,8,1,23
1482,31,1900,41,1,23
1483,34,1359,8,1,23
1484,41,414,41,1,23
1485,30,1359,8,1,23
1486,41,414,41,1,23
1487,85,1900,41,1,23
1488,39,2002,40,1,23
1489,36,414,41,1,22
1490,82,1900,41,1,22
1491,16,414,41,1,233
1492,76,767,16,1,222
1493,31,414,41,1,222
1494,80,1359,8,1,222
1495,30,1359,8,1,221
1496,75,767,16,1,221
1497,78,2002,40,1,217
1498,52,1697,41,1,217
1499,208,1697,41,1,215
1500,37,1359,8,1,215
1501,189,2665,26,1,214
1502,76,1900,41,1,214
1503,50,1697,41,1,202
1504,28,246,29,1,202
1505,79,1697,41,1,199
1506,34,2002,40,1,199
1507,32,2607,5,1,198
1508,36,1359,8,1,198
1509,32,2002,40,1,198
1510,8,2762,5,1,198
1511,227,2607,5,1,195
1512,78,1359,8,1,195
1513,6,246,29,1,190
1514,31,2002,40,1,185
1515,154,1815,41,1,185
1516,2,246,29,1,185
1517,230,1277,36,1,177
1518,218,1761,41,1,177
1519,67,1092,8,1,155
1520,36,2002,40,1,155
1521,68,1092,8,1,147
1522,138,2870,37,1,147
1523,98,1277,36,1,146
1524,21,246,29,1,146
1525,57,767,16,1,144
1526,70,1092,8,1,144
1527,75,1092,8,1,136
1528,132,2169,41,1,136
1529,208,246,29,1,135
1530,140,227,40,1,135
1531,145,2665,26,1,135
1532,31,1359,8,1,135
1533,31,1359,8,1,133
1534,70,1761,41,1,133
1535,89,1277,36,1,132
1536,80,2665,26,1,132
1537,17,2002,40,1,129
1538,64,557,41,1,129
1539,218,557,41,1,129
1540,104,2665,26,1,129
1541,45,767,16,1,128
1542,119,2665,26,1,128
1543,23,414,41,1,125
1544,18,2002,40,1,123
1545,17,2002,40,1,123
1546,218,1815,41,1,122
1547,115,2665,26,1,122
1548,100,2169,41,1,115
1549,2,97,41,1,115
1550,41,767,16,1,107
1551,227,1815,41,1,107
1552,85,1277,36,1,103
1553,15,2002,40,1,101
1554,229,1815,41,1,101
1555,68,2127,5,1,101
1556,16,2002,40,1,101
1557,138,557,41,1,96
1558,76,557,41,1,96
1559,76,1277,36,1,93
1560,205,1815,41,1,93
1561,140,151,41,1,93
1562,17,1761,41,1,92
1563,38,767,16,1,92
1564,30,2002,40,1,92
1565,31,2002,40,1,91
1566,13,2002,40,1,91
1567,195,2968,41,1,91
1568,70,767,16,1,91
1569,61,767,16,1,91
1570,189,2968,41,1,91
1571,27,2002,40,1,87
1572,151,1359,8,1,87
1573,29,2968,41,1,84
1574,99,2968,41,1,84
1575,89,2968,41,1,84
1576,154,527,36,1,84
1577,25,2002,40,1,83
1578,177,2968,41,1,83
1579,26,2275,40,1,82
1580,164,1277,36,1,82
1581,148,1359,8,1,82
1582,207,1761,41,1,81
1583,61,1092,8,1,81
1584,140,2968,41,1,80
1585,5,2275,40,1,80
1586,49,1092,8,1,75
1587,51,1092,8,1,75
1588,7,852,41,2,74
1589,7,852,41,2,74
1590,7,852,41,2,73
1591,7,852,41,2,73
1592,7,852,41,2,71
1593,7,852,41,2,71
1594,7,852,41,2,69
1595,7,852,41,2,69
1596,7,852,41,2,68
1597,7,852,41,2,68
1598,7,852,41,2,67
1599,7,852,41,2,67
1600,7,852,41,2,63
1601,7,852,41,2,63
1602,7,852,41,2,62
1603,7,852,41,2,62
1604,7,852,41,2,62
1605,7,852,41,2,62
1606,7,852,41,2,61
1607,7,852,41,2,61
1608,7,852,41,2,60
1609,7,852,41,2,60
1610,7,852,41,2,60
1611,17,737,41,2,60
1612,32,246,29,2,60
1613,44,2968,41,2,60
1614,53,1900,41,2,58
1615,53,1900,41,2,58
1616,59,414,41,2,58
1617,61,3164,8,2,58
1618,63,401,41,2,58
1619,72,2870,37,2,58
1620,85,1558,41,2,58
1621,89,1452,5,2,58
1622,89,1452,5,2,57
1623,96,6,41,2,57
1624,104,2412,41,2,56
1625,107,2968,41,2,56
1626,115,1900,41,2,56
1627,116,1804,20,2,56
1628,117,2874,20,2,56
1629,121,1240,41,2,56
1630,121,1240,41,2,56
1631,121,1258,41,2,56
1632,122,1804,20,2,55
1633,123,414,41,2,55
1634,123,414,41,2,55
1635,125,1815,41,2,55
1636,126,1804,20,2,55
1637,126,1804,20,2,55
1638,127,1605,40,2,55
1639,132,2775,20,2,54
1640,141,852,41,2,54
1641,143,1558,41,2,53
1642,145,832,41,2,53
1643,148,1452,5,2,53
1644,150,1761,41,2,52
1645,153,6,41,2,52
1646,159,2412,41,2,51
1647,163,1482,41,2,51
1648,164,2968,41,2,50
1649,164,2968,41,2,50
1650,165,1286,17,2,50
1651,165,1286,17,2,50
1652,168,1900,41,2,50
1653,169,1804,20,2,50
1654,169,1804,20,2,50
1655,169,1804,20,2,50
1656,169,1804,20,2,49
1657,169,2874,20,2,49
1658,170,1258,41,2,49
1659,170,1258,41,2,49
1660,175,414,41,2,48
1661,178,1815,41,2,48
1662,179,1002,20,2,48
1663,179,1002,20,2,48
1664,179,1002,20,2,48
1665,181,1605,40,2,48
1666,181,1605,40,2,47
1667,182,527,36,2,47
1668,186,2870,37,2,47
1669,186,2870,37,2,47
1670,191,1455,41,2,46
1671,204,1761,41,2,46
1672,207,6,41,2,46
1673,217,1286,17,2,46
1674,223,1002,20,2,46
1675,223,1002,20,2,46
1676,223,1002,20,2,46
1677,223,1002,20,2,45
1678,224,2775,20,2,45
1679,224,1258,41,2,45
1680,229,414,41,2,45
1681,230,1002,20,2,45
1682,230,1002,20,2,45
1683,230,1815,41,2,45
1684,154,1258,41,3,45
1685,148,449,4,3,45
1686,31,246,29,3,45
1687,38,1605,40,3,45
1688,56,874,20,3,45
1689,148,1815,41,3,44
1690,38,934,8,3,44
1691,189,246,29,3,44
1692,35,1452,5,3,44
1693,47,1605,40,3,44
1694,199,1900,41,3,44
1695,43,934,8,3,43
1696,70,2625,16,3,43
1697,59,414,41,3,43
1698,15,414,41,3,43
1699,201,177,41,3,43
1700,38,934,8,3,43
1701,47,149,36,3,43
1702,87,449,4,3,42
1703,38,1605,40,3,42
1704,169,2665,26,3,42
1705,127,2169,41,3,42
1706,49,2625,16,3,42
1707,102,2665,26,3,41
1708,57,2625,16,3,41
1709,76,1900,41,3,41
1710,11,1605,40,3,41
1711,30,934,8,3,41
1712,193,1761,41,3,41
1713,56,934,8,3,41
1714,54,1452,5,3,41
1715,49,3055,8,3,40
1716,221,2665,26,3,40
1717,111,3055,8,3,40
1718,62,1689,40,3,40
1719,59,3055,8,3,39
1720,46,3055,8,3,39
1721,110,1815,41,3,39
1722,33,934,8,3,39
1723,36,3055,8,3,39
1724,33,934,8,3,39
1725,192,246,29,3,39
1726,172,1761,41,3,39
1727,59,1689,40,3,39
1728,49,1689,40,3,39
1729,39,3055,8,3,39
1730,199,1900,41,3,39
1731,65,1605,40,3,38
1732,51,1605,40,3,38
1733,44,934,8,3,38
1734,52,1605,40,3,38
1735,67,1605,40,3,38
1736,174,770,5,3,38
1737,40,934,8,3,37
1738,33,934,8,3,37
1739,50,1605,40,3,37
1740,53,1605,40,3,37
1741,183,1697,41,3,37
1742,55,1605,40,3,37
1743,58,1605,40,3,37
1744,54,1605,40,3,37
1745,21,246,29,3,37
1746,51,1605,40,3,37
1747,39,934,8,3,36
1748,40,934,8,3,36
1749,45,1689,40,3,36
1750,89,1689,40,3,36
1751,165,1900,41,3,36
1752,54,414,41,3,36
1753,50,414,41,3,35
1754,39,1689,40,3,35
1755,38,934,8,3,35
1756,32,1900,41,3,35
1757,36,934,8,3,35
1758,41,414,41,3,35
1759,30,934,8,3,35
1760,46,414,41,3,35
1761,89,1900,41,3,35
1762,41,655,40,3,35
1763,40,414,41,3,35
1764,83,1900,41,3,35
1765,23,414,41,3,34
1766,77,2625,16,3,34
1767,32,2762,5,3,34
1768,36,414,41,3,34
1769,81,934,8,3,34
1770,31,934,8,3,34
1771,76,2625,16,3,34
1772,79,1605,40,3,34
1773,56,1697,41,3,34
1774,209,1697,41,3,34
1775,37,934,8,3,33
1776,198,2665,26,3,33
1777,104,1900,41,3,33
1778,36,1958,41,3,33
1779,52,1697,41,3,33
1780,30,246,29,3,33
1781,81,1697,41,3,33
1782,36,1605,40,3,33
1783,33,3055,8,3,33
1784,37,934,8,3,33
1785,34,1605,40,3,32
1786,20,2762,5,3,32
1787,228,3055,8,3,32
1788,80,934,8,3,32
1789,19,246,29,3,31
1790,31,655,40,3,31
1791,176,1815,41,3,30
1792,6,246,29,3,30
1793,67,3164,8,3,30
1794,37,655,40,3,30
1795,70,3164,8,3,30
1796,173,2870,37,3,30
1797,102,149,36,3,30
1798,28,246,29,3,30
1799,58,892,16,3,30
1800,74,3164,8,3,30
1801,78,3164,8,3,30
1802,169,2169,41,3,29
1803,218,246,29,3,29
1804,170,227,40,3,29
1805,164,2665,26,3,29
1806,31,934,8,3,29
1807,32,934,8,3,29
1808,77,1761,41,3,28
1809,92,149,36,3,28
1810,80,2665,26,3,28
1811,17,655,40,3,28
1812,74,557,41,3,28
1813,228,557,41,3,28
1814,109,2665,26,3,28
1815,47,892,16,3,28
1816,140,2665,26,3,28
1817,31,414,41,3,27
1818,22,655,40,3,27
1819,18,655,40,3,27
1820,226,1815,41,3,27
1821,118,2665,26,3,27
1822,104,2169,41,3,27
1823,11,97,41,3,27
1824,45,892,16,3,27
1825,228,1815,41,3,27
1826,87,2043,36,3,27
1827,16,655,40,3,27
1828,76,2127,5,3,27
1829,17,655,40,3,27
1830,9,697,31,3,27
1831,198,557,41,3,27
1832,115,557,41,3,26
1833,80,2043,36,3,26
1834,208,1815,41,3,26
1835,160,151,41,3,26
1836,22,1761,41,3,26
1837,41,892,16,3,26
1838,30,655,40,3,26
1839,32,655,40,3,26
1840,13,1689,40,3,26
1841,198,2968,41,3,26
1842,75,892,16,3,26
1843,67,892,16,3,26
1844,193,2968,41,3,26
1845,30,1689,40,3,26
1846,151,934,8,3,26
1847,45,2968,41,3,25
1848,154,2968,41,3,25
1849,99,2968,41,3,25
1850,176,527,36,3,25
1851,25,1689,40,3,25
1852,188,2968,41,3,25
1853,27,1689,40,3,25
1854,173,2043,36,3,233
1855,151,934,8,3,222
1856,216,1761,41,3,222
1857,2,697,31,3,222
1858,64,3164,8,3,221
1859,155,2968,41,3,221
1860,8,1689,40,3,217
1861,50,3164,8,3,217
1862,53,3164,8,3,215
1863,40,401,41,1,215
1864,22,401,41,1,214
1865,17,401,41,1,214
1866,30,401,41,1,202
1867,76,2607,5,1,202
1868,39,401,41,1,199
1869,87,2607,5,1,199
1870,78,3183,8,1,198
1871,145,2607,5,1,198
1872,64,1697,41,1,198
1873,105,655,40,1,198
1874,115,246,29,1,195
1875,125,246,29,1,195
1876,195,414,41,1,190
1877,76,3183,8,1,185
1878,99,655,40,1,185
1879,183,414,41,1,185
1880,54,246,29,1,177
1881,56,3183,8,1,177
1882,128,1697,41,1,155
1883,90,655,40,1,155
1884,189,1697,41,1,147
1885,76,246,29,1,147
1886,89,1689,40,1,146
1887,98,3183,8,1,146
1888,55,1689,40,1,144
1889,79,2607,5,1,144
1890,104,3183,8,1,136
1891,115,1697,41,1,136
1892,154,414,41,1,135
1893,164,246,29,1,135
1894,198,1697,41,1,135
1895,76,1605,40,1,135
1896,123,3183,8,1,133
1897,138,3183,8,1,133
1898,218,1697,41,1,132
1899,100,484,27,1,132
1900,98,414,41,1,129
1901,145,2607,5,1,129
1902,92,3183,8,1,129
1903,100,1697,41,1,129
1904,91,3183,8,1,128
1905,167,3183,8,1,128
1906,34,1697,41,1,125
1907,104,414,41,1,123
1908,111,3183,8,1,123
1909,140,3183,8,1,122
1910,36,1697,41,1,122
1911,86,3183,8,1,115
1912,29,3183,8,1,115
1913,49,246,29,1,107
1914,140,3183,8,1,107
1915,140,3183,8,1,103
1916,67,246,29,1,101
1917,138,1452,5,1,101
1918,220,2625,16,1,101
1919,70,1452,5,1,101
1920,221,2625,16,1,96
1921,40,1452,5,1,96
1922,154,1697,41,1,93
1923,145,3183,8,1,93
1924,73,3183,8,1,93
1925,183,1815,41,1,92
1926,73,1605,40,1,92
1927,70,3183,8,1,92
1928,52,3183,8,1,91
1929,68,1605,40,1,91
1930,68,484,27,1,91
1931,47,3183,8,1,91
1932,51,3183,8,1,91
1933,41,3183,8,1,91
1934,53,934,8,1,87
1935,49,934,8,1,87
1936,89,2625,16,1,84
1937,48,934,8,1,84
1938,199,1815,41,1,84
1939,53,934,8,1,84
1940,83,1605,40,1,83
1941,70,1605,40,1,83
1942,205,1697,41,1,82
1943,189,484,27,1,82
1944,138,2625,16,1,82
1945,45,934,8,1,81
1946,67,1900,41,1,81
1947,68,414,41,1,80
1948,185,2625,16,1,80
1949,50,934,8,1,75
1950,64,2665,26,1,75
1951,41,1605,40,1,74
1952,46,1697,41,1,74
1953,49,1452,5,1,73
1954,210,414,41,1,73
1955,46,934,8,1,71
1956,73,414,41,1,71
1957,68,1697,41,1,69
1958,38,2625,16,1,69
1959,116,2625,16,1,68
1960,46,934,8,1,68
1961,56,1697,41,1,67
1962,49,1452,5,1,67
1963,114,1815,41,1,63
1964,70,1697,41,1,63
1965,15,414,41,3,62
1966,60,401,41,3,62
1967,29,401,41,3,62
1968,22,401,41,3,62
1969,39,401,41,3,61
1970,101,3055,8,3,61
1971,40,401,41,3,60
1972,89,3055,8,3,60
1973,82,261,8,3,60
1974,149,3055,8,3,60
1975,67,1697,41,3,60
1976,26,2544,21,3,60
1977,110,1689,40,3,58
1978,121,246,29,3,58
1979,133,246,29,3,58
1980,206,414,41,3,58
1981,140,261,8,3,58
1982,101,1689,40,3,58
1983,193,414,41,3,58
1984,55,246,29,3,58
1985,57,261,8,3,58
1986,151,1697,41,3,58
1987,97,1689,40,3,57
1988,198,1697,41,3,57
1989,81,246,29,3,56
1990,89,1689,40,3,56
1991,99,261,8,3,56
1992,56,1689,40,3,56
1993,81,3055,8,3,56
1994,132,261,8,3,56
1995,127,1697,41,3,56
1996,174,414,41,3,56
1997,188,246,29,3,56
1998,200,1697,41,3,56
1999,81,1689,40,3,56
2000,127,261,8,3,56
2001,140,261,8,3,55
2002,221,1697,41,3,55
2003,189,484,27,3,55
2004,140,414,41,3,55
2005,149,3055,8,3,55
2006,94,261,8,3,55
2007,114,1697,41,3,55
2008,92,261,8,3,55
2009,179,261,8,3,54
2010,36,1697,41,3,54
2011,140,414,41,3,53
2012,116,261,8,3,53
2013,148,261,8,3,53
2014,46,1697,41,3,53
2015,89,261,8,3,52
2016,26,2544,21,3,52
2017,29,261,8,3,52
2018,50,246,29,3,52
2019,148,261,8,3,52
2020,178,261,8,3,51
2021,67,246,29,3,51
2022,145,3055,8,3,50
2023,221,892,16,3,50
2024,75,3055,8,3,50
2025,26,2544,21,3,50
2026,42,3055,8,3,50
2027,179,1697,41,3,50
2028,167,261,8,3,50
2029,76,1467,19,3,50
2030,201,1815,41,3,49
2031,76,1689,40,3,49
2032,73,1467,19,3,49
2033,52,1467,19,3,49
2034,70,1689,40,3,48
2035,75,484,27,3,48
2036,47,1467,19,3,48
2037,51,1467,19,3,48
2038,42,1467,19,3,48
2039,53,1467,19,3,48
2040,50,1467,19,3,47
2041,90,892,16,3,47
2042,49,1467,19,3,47
2043,204,1815,41,3,47
2044,55,1467,19,3,46
2045,83,1689,40,3,46
2046,73,1689,40,3,46
2047,207,1697,41,3,46
2048,192,484,27,3,46
2049,152,892,16,3,46
2050,45,1467,19,3,46
2051,67,1900,41,3,46
2052,73,414,41,3,46
2053,199,892,16,3,45
2054,51,1467,19,3,45
2055,65,2665,26,3,45
2056,44,1689,40,3,45
2057,50,1697,41,3,45
2058,49,3055,8,3,45
2059,228,414,41,3,45
2060,47,1467,19,3,45
2061,97,414,41,3,45
2062,70,1697,41,3,45
2063,38,892,16,3,45
2064,119,892,16,3,45
2065,46,1467,19,3,45
2066,67,1697,41,3,45
2067,50,3055,8,3,45
2068,144,1815,41,3,45
2069,78,1697,41,3,45
